ID, First Name, Last Name, Email
1001, Ram, Narayan, ramnarayan@gmail.com
1002, Stuart, Miller, stuart@miller.com
1003, Madhuri, Bhaskar, madhurib@gmail.com
1004, Jeran, Jeyachandran, jeran@gmail.com
1005, Karthik, Sundaram, karthik@gmail.com